{"se_improved": {"train_losses": [1.226762554895489, 1.1230094598247071, 1.048440831968784, 0.9514150842192607, 0.9004084827420382, 0.876925158954653, 0.8510845145163741, 0.8372310873037043, 0.8362497154694205, 0.8215507167933884, 0.8042411467757156, 0.7968729689674895, 0.7931890568422212, 0.7836368093477033, 0.7933879950083589, 0.7861254283729072, 0.7782111308276719, 0.7754851673723806, 0.7636514462222415, 0.7678931688657081, 0.7644948686570301, 0.756636428047672, 0.7565193949473141, 0.7622321327501274, 0.7543712195068513, 0.7596617820331267, 0.7546253656761785, 0.7556408593497566, 0.7511935856859437, 0.7490591858194652, 0.7443221334191061, 0.7416933288352968, 0.7497615054181275, 0.7551896510408076, 0.7435621380362424, 0.7499494659454511, 0.7478689219738206, 0.7414349280632045, 0.7389667859925929, 0.7379169564430811, 0.7368270802560482, 0.7388900945525275, 0.741696954047453, 0.7357131583107773, 0.733346651930547, 0.7360032333876847, 0.7413541840291122, 0.7379398056338354, 0.7404739204969467, 0.7346781328382469], "train_acc": [0.4926679798643029, 0.6379951849420005, 0.7235718975705844, 0.8198730575618297, 0.8618953819216458, 0.8802801488290655, 0.8991026482818998, 0.9113591595535128, 0.9135478222805865, 0.9227402057342964, 0.9402495075508864, 0.9437513679142044, 0.9461588969139856, 0.9546946815495733, 0.9476909608229371, 0.9522871525497921, 0.9592908732764281, 0.9608229371853797, 0.9700153206390895, 0.9662945940030642, 0.9693587218209674, 0.9768001750930182, 0.9746115123659445, 0.9715473845480411, 0.9765813088203108, 0.9748303786386517, 0.9768001750930182, 0.9765813088203108, 0.9789888378200919, 0.9827095644561173, 0.9848982271831911, 0.9857736922740206, 0.9803020354563362, 0.9752681111840665, 0.9855548260013132, 0.9792077040927993, 0.9818340993652878, 0.98664915736485, 0.9886189538192165, 0.9897132851827534, 0.9899321514554608, 0.990151017728168, 0.9875246224556796, 0.9910264828189976, 0.9938717443641935, 0.9908076165462902, 0.9873057561829722, 0.9910264828189976, 0.9881812212738017, 0.9908076165462902], "valid_losses": [1.4003509562576641, 1.4447766200346792, 1.6441850445297654, 1.6263523821442771, 1.9189478702328233, 0.926165167793097, 1.1806716065811464, 1.4359512604440603, 1.214996339246461, 0.9451209257698227, 1.1866177491524297, 0.8952602219498168, 0.9171599875076341, 0.98389194377764, 1.1407409263929567, 0.8895540831387304, 0.9421727607777947, 0.9510534485494058, 0.9663416436129459, 1.4828603777672675, 1.3789439392214997, 0.8498542366691149, 0.8257159988606905, 0.8625712143363184, 0.8712054806014267, 0.8378111302904778, 0.8454021786975944, 0.8061443106813172, 0.8179284645503587, 0.8245341699580195, 0.9949274602315974, 0.8228110721626516, 0.8298438905835256, 0.960070247725239, 0.8291193096135023, 0.8518564192120276, 0.7942186681617276, 0.8061305798674923, 0.8320328703285411, 0.7730121546842921, 0.9285719360787933, 0.9859104357262192, 0.9128547763991335, 0.8112505578932174, 1.033667078794144, 1.0283588405669204, 0.7995531629911141, 0.8068344958080916, 0.7961070763887487, 0.7946612688395817], "valid_acc": [0.23447069116360456, 0.23447069116360456, 0.23447069116360456, 0.2554680664916886, 0.2554680664916886, 0.8311461067366579, 0.6710411198600175, 0.5686789151356081, 0.705161854768154, 0.8215223097112861, 0.7086614173228347, 0.8670166229221348, 0.846894138232721, 0.8083989501312336, 0.7139107611548556, 0.8923884514435696, 0.8311461067366579, 0.8381452318460193, 0.8145231846019247, 0.5949256342957131, 0.5643044619422573, 0.9011373578302713, 0.9361329833770778, 0.8967629046369204, 0.8880139982502188, 0.9256342957130359, 0.9037620297462817, 0.9378827646544182, 0.9247594050743657, 0.9212598425196851, 0.8276465441819773, 0.9238845144356955, 0.9326334208223972, 0.8293963254593176, 0.9247594050743657, 0.9046369203849519, 0.9510061242344707, 0.937007874015748, 0.9221347331583553, 0.963254593175853, 0.846894138232721, 0.8398950131233596, 0.8617672790901137, 0.937007874015748, 0.7882764654418198, 0.7970253718285215, 0.9475065616797901, 0.9413823272090989, 0.9440069991251094, 0.9448818897637795], "by_category_metric": {"glioma": {"Accuracy": 93.0, "F1 Score": 0.93, "Recall": 0.93}, "meningioma": {"Accuracy": 88.23529411764706, "F1 Score": 0.9090909090909091, "Recall": 0.8823529411764706}, "notumor": {"Accuracy": 95.30864197530865, "F1 Score": 0.9674185463659147, "Recall": 0.9530864197530864}, "pituitary": {"Accuracy": 98.0, "F1 Score": 0.9333333333333333, "Recall": 0.98}}, "overall_f1": 0.9374418989016122, "overall_recall": 0.9374523264683448,